{"v":"5.5.7","meta":{"g":"LottieFiles AE 0.1.20","a":"","k":"","d":"","tc":""},"fr":29.9700012207031,"ip":0,"op":71.0000028918893,"w":400,"h":400,"nm":"Interaccion-input","ddd":0,"assets":[{"id":"comp_0","layers":[{"ddd":0,"ind":1,"ty":0,"nm":"expline","refId":"comp_1","sr":1,"ks":{"o":{"a":0,"k":100,"ix":11},"r":{"a":0,"k":315,"ix":10},"p":{"a":0,"k":[200,205,0],"ix":2},"a":{"a":0,"k":[50,142,0],"ix":1},"s":{"a":0,"k":[100,100,100],"ix":6}},"ao":0,"w":100,"h":140,"ip":1.00000004073083,"op":13.0000005295009,"st":1.00000004073083,"bm":0},{"ddd":0,"ind":2,"ty":0,"nm":"expline","refId":"comp_1","sr":1,"ks":{"o":{"a":0,"k":100,"ix":11},"r":{"a":0,"k":270,"ix":10},"p":{"a":0,"k":[200,205,0],"ix":2},"a":{"a":0,"k":[50,142,0],"ix":1},"s":{"a":0,"k":[100,100,100],"ix":6}},"ao":0,"w":100,"h":140,"ip":0,"op":12.00000048877,"st":0,"bm":0},{"ddd":0,"ind":3,"ty":0,"nm":"expline","refId":"comp_1","sr":1,"ks":{"o":{"a":0,"k":100,"ix":11},"r":{"a":0,"k":225,"ix":10},"p":{"a":0,"k":[200,205,0],"ix":2},"a":{"a":0,"k":[50,142,0],"ix":1},"s":{"a":0,"k":[100,100,100],"ix":6}},"ao":0,"w":100,"h":140,"ip":1.00000004073083,"op":13.0000005295009,"st":1.00000004073083,"bm":0},{"ddd":0,"ind":4,"ty":0,"nm":"expline","refId":"comp_1","sr":1,"ks":{"o":{"a":0,"k":100,"ix":11},"r":{"a":0,"k":180,"ix":10},"p":{"a":0,"k":[200,205,0],"ix":2},"a":{"a":0,"k":[50,142,0],"ix":1},"s":{"a":0,"k":[100,100,100],"ix":6}},"ao":0,"w":100,"h":140,"ip":2.00000008146167,"op":14.0000005702317,"st":2.00000008146167,"bm":0},{"ddd":0,"ind":5,"ty":0,"nm":"expline","refId":"comp_1","sr":1,"ks":{"o":{"a":0,"k":100,"ix":11},"r":{"a":0,"k":135,"ix":10},"p":{"a":0,"k":[200,205,0],"ix":2},"a":{"a":0,"k":[50,142,0],"ix":1},"s":{"a":0,"k":[100,100,100],"ix":6}},"ao":0,"w":100,"h":140,"ip":2.00000008146167,"op":14.0000005702317,"st":2.00000008146167,"bm":0},{"ddd":0,"ind":6,"ty":0,"nm":"expline","refId":"comp_1","sr":1,"ks":{"o":{"a":0,"k":100,"ix":11},"r":{"a":0,"k":90,"ix":10},"p":{"a":0,"k":[200,205,0],"ix":2},"a":{"a":0,"k":[50,142,0],"ix":1},"s":{"a":0,"k":[100,100,100],"ix":6}},"ao":0,"w":100,"h":140,"ip":1.00000004073083,"op":13.0000005295009,"st":1.00000004073083,"bm":0},{"ddd":0,"ind":7,"ty":0,"nm":"expline","refId":"comp_1","sr":1,"ks":{"o":{"a":0,"k":100,"ix":11},"r":{"a":0,"k":45,"ix":10},"p":{"a":0,"k":[200,205,0],"ix":2},"a":{"a":0,"k":[50,142,0],"ix":1},"s":{"a":0,"k":[100,100,100],"ix":6}},"ao":0,"w":100,"h":140,"ip":0,"op":12.00000048877,"st":0,"bm":0},{"ddd":0,"ind":8,"ty":0,"nm":"expline","refId":"comp_1","sr":1,"ks":{"o":{"a":0,"k":100,"ix":11},"r":{"a":0,"k":0,"ix":10},"p":{"a":0,"k":[200,205,0],"ix":2},"a":{"a":0,"k":[50,142,0],"ix":1},"s":{"a":0,"k":[100,100,100],"ix":6}},"ao":0,"w":100,"h":140,"ip":0,"op":12.00000048877,"st":0,"bm":0}]},{"id":"comp_1","layers":[{"ddd":0,"ind":1,"ty":4,"nm":"expline","sr":1,"ks":{"o":{"a":0,"k":100,"ix":11},"r":{"a":0,"k":0,"ix":10},"p":{"a":1,"k":[{"i":{"x":0.833,"y":0.833},"o":{"x":0.167,"y":0.167},"t":0,"s":[50,140.5,0],"to":[0,-5.783,0],"ti":[0,13.243,0]},{"i":{"x":0.833,"y":0.833},"o":{"x":0.167,"y":0.167},"t":8,"s":[50,100,0],"to":[0,-6.032,0],"ti":[0,2.634,0]},{"t":11.0000004480392,"s":[50,20,0]}],"ix":2},"a":{"a":0,"k":[99.276,-172.185,0],"ix":1},"s":{"a":1,"k":[{"i":{"x":[0.833,0.833,0.833],"y":[0.833,0.833,0.833]},"o":{"x":[0.167,0.167,0.167],"y":[0.167,0.167,0.167]},"t":0,"s":[0,0,100]},{"i":{"x":[0.833,0.833,0.833],"y":[0.833,0.833,0.833]},"o":{"x":[0.167,0.167,0.167],"y":[0.167,0.167,0.167]},"t":8,"s":[100,120.378,100]},{"t":11.0000004480392,"s":[0,0,100]}],"ix":6}},"ao":0,"shapes":[{"ty":"gr","it":[{"ind":0,"ty":"sh","ix":1,"ks":{"a":1,"k":[{"i":{"x":0.833,"y":0.833},"o":{"x":0.167,"y":0.167},"t":4,"s":[{"i":[[0,0],[0,0]],"o":[[0,0],[0,0]],"v":[[98.637,-172.296],[98.499,-197.39]],"c":false}]},{"i":{"x":0.833,"y":0.833},"o":{"x":0.167,"y":0.167},"t":8,"s":[{"i":[[0,0],[0,0]],"o":[[0,0],[0,0]],"v":[[98.637,-172.296],[98.687,-174.141]],"c":false}]},{"t":10.0000004073083,"s":[{"i":[[0,0],[0,0]],"o":[[0,0],[0,0]],"v":[[98.637,-172.296],[99,-173.037]],"c":false}]}],"ix":2},"nm":"Path 1","mn":"ADBE Vector Shape - Group","hd":false},{"ty":"st","c":{"a":1,"k":[{"i":{"x":[0.833],"y":[0.833]},"o":{"x":[0.167],"y":[0.167]},"t":3,"s":[0.858823529412,0.243137254902,0.203921568627,1]},{"i":{"x":[0.833],"y":[0.833]},"o":{"x":[0.167],"y":[0.167]},"t":4,"s":[0.368627458811,0.698039233685,0.278431385756,1]},{"i":{"x":[0.833],"y":[0.833]},"o":{"x":[0.167],"y":[0.167]},"t":6,"s":[0.368627458811,0.698039233685,0.278431385756,1]},{"t":7.00000028511585,"s":[0.929411768913,0.584313750267,0.266666680574,1]}],"ix":3},"o":{"a":0,"k":100,"ix":4},"w":{"a":1,"k":[{"i":{"x":[0.833],"y":[0.833]},"o":{"x":[0.167],"y":[0.167]},"t":0,"s":[12]},{"i":{"x":[0.833],"y":[0.833]},"o":{"x":[0.167],"y":[0.167]},"t":4,"s":[20]},{"i":{"x":[0.833],"y":[0.833]},"o":{"x":[0.167],"y":[0.167]},"t":8,"s":[7.2]},{"i":{"x":[0.833],"y":[0.833]},"o":{"x":[0.167],"y":[0.167]},"t":9,"s":[4]},{"t":10.0000004073083,"s":[15]}],"ix":5},"lc":2,"lj":2,"bm":0,"nm":"Stroke 1","mn":"ADBE Vector Graphic - Stroke","hd":false},{"ty":"fl","c":{"a":0,"k":[0.992156862745,0.956862745098,0.807843137255,1],"ix":4},"o":{"a":0,"k":100,"ix":5},"r":1,"bm":0,"nm":"Fill 1","mn":"ADBE Vector Graphic - Fill","hd":false},{"ty":"tr","p":{"a":0,"k":[0,0],"ix":2},"a":{"a":0,"k":[0,0],"ix":1},"s":{"a":0,"k":[99.72,106.599],"ix":3},"r":{"a":0,"k":0,"ix":6},"o":{"a":0,"k":100,"ix":7},"sk":{"a":0,"k":0,"ix":4},"sa":{"a":0,"k":0,"ix":5},"nm":"Transform"}],"nm":"Shape 1","np":3,"cix":2,"bm":0,"ix":1,"mn":"ADBE Vector Group","hd":false}],"ip":0,"op":11.0000004480392,"st":-12.00000048877,"bm":0}]}],"layers":[{"ddd":0,"ind":1,"ty":4,"nm":"a Outlines","sr":1,"ks":{"o":{"a":0,"k":100,"ix":11},"r":{"a":0,"k":0,"ix":10},"p":{"a":0,"k":[166,228,0],"ix":2},"a":{"a":0,"k":[0,0,0],"ix":1},"s":{"a":0,"k":[100,100,100],"ix":6}},"ao":0,"shapes":[{"ty":"gr","it":[{"ind":0,"ty":"sh","ix":1,"ks":{"a":0,"k":{"i":[[0,3.09],[-3.316,1.863],[-3.884,0.516],[0,0],[-2.061,0.558],[-1.309,0.837],[0,0],[5.957,-2.895],[3.772,0],[2.264,1.783]],"o":[[0,-4.081],[1.957,-1.109],[0,0],[1.982,-0.237],[2.061,-0.558],[0,0],[0,6.583],[-3.535,1.744],[-3.098,0],[-2.264,-1.783]],"v":[[16.084,-16.954],[21.058,-25.869],[29.821,-28.307],[36.301,-29.14],[42.365,-30.333],[47.418,-32.425],[47.418,-23.801],[38.482,-9.586],[27.521,-6.97],[19.479,-9.644]],"c":true},"ix":2},"nm":"a","mn":"ADBE Vector Shape - Group","hd":false},{"ind":1,"ty":"sh","ix":2,"ks":{"a":0,"k":{"i":[[0,0],[3.693,-3.252],[0,-5.91],[-3.753,-3.589],[-5.918,0],[-4.091,2.104],[-2.185,2.859],[-0.874,-1.39],[-3.693,0],[-0.874,0.119],[-1.668,0.477],[0,0],[0.596,-0.06],[0.477,0],[0.456,0.674],[0,1.112],[0,0],[4.641,2.859],[7.497,0],[4.899,-3.086],[0.198,-7.886],[0,0],[-1.308,1.677],[-5.588,0],[-2.596,-1.654],[0,-3.667],[0.476,-0.957],[2.462,-0.316]],"o":[[-5.997,0.754],[-3.693,3.252],[0,5.395],[3.753,3.589],[4.924,0],[4.09,-2.105],[0.357,2.541],[1.668,2.62],[1.509,0],[0.873,-0.119],[0,0],[-0.676,0.119],[-0.596,0.06],[-1.47,0],[-0.457,-0.674],[0,0],[0,-6.037],[-4.681,-2.859],[-6.465,0],[-4.899,3.086],[0,0],[0.397,-3.312],[2.338,-3.033],[4.835,0],[2.596,1.655],[0,1.795],[-0.834,1.744],[0,0]],"v":[[24.96,-36.469],[10.425,-30.459],[4.885,-16.716],[10.514,-3.24],[25.02,2.145],[38.542,-1.012],[47.954,-8.457],[49.801,-2.561],[57.843,1.37],[61.417,1.191],[65.229,0.298],[65.229,-7.624],[63.323,-7.357],[61.715,-7.268],[58.826,-8.278],[58.141,-10.958],[58.141,-47.715],[51.179,-61.06],[32.913,-65.349],[15.866,-60.719],[8.221,-44.261],[18.229,-44.261],[20.784,-51.744],[32.675,-56.294],[43.821,-53.812],[47.716,-45.829],[47.002,-41.703],[42.058,-38.611]],"c":true},"ix":2},"nm":"a","mn":"ADBE Vector Shape - Group","hd":false},{"ty":"mm","mm":1,"nm":"Merge Paths 1","mn":"ADBE Vector Filter - Merge","hd":false},{"ty":"fl","c":{"a":0,"k":[0,0,0,1],"ix":4},"o":{"a":0,"k":100,"ix":5},"r":1,"bm":0,"nm":"Fill 1","mn":"ADBE Vector Graphic - Fill","hd":false},{"ty":"tr","p":{"a":0,"k":[0,0],"ix":2},"a":{"a":0,"k":[0,0],"ix":1},"s":{"a":0,"k":[100,100],"ix":3},"r":{"a":0,"k":0,"ix":6},"o":{"a":0,"k":100,"ix":7},"sk":{"a":0,"k":0,"ix":4},"sa":{"a":0,"k":0,"ix":5},"nm":"Transform"}],"nm":"a","np":5,"cix":2,"bm":0,"ix":1,"mn":"ADBE Vector Group","hd":false}],"ip":41.0000016699642,"op":71.0000028918893,"st":0,"bm":0},{"ddd":0,"ind":2,"ty":4,"nm":"prompt 6","sr":1,"ks":{"o":{"a":0,"k":100,"ix":11},"r":{"a":0,"k":0,"ix":10},"p":{"a":0,"k":[286,200,0],"ix":2},"a":{"a":0,"k":[0,0,0],"ix":1},"s":{"a":0,"k":[100,100,100],"ix":6}},"ao":0,"shapes":[{"ty":"gr","it":[{"ind":0,"ty":"sh","ix":1,"ks":{"a":0,"k":{"i":[[0,0],[0,0]],"o":[[0,0],[0,0]],"v":[[-44,-34],[-44,27]],"c":false},"ix":2},"nm":"Path 1","mn":"ADBE Vector Shape - Group","hd":false},{"ty":"st","c":{"a":0,"k":[0,0,0,1],"ix":3},"o":{"a":0,"k":100,"ix":4},"w":{"a":0,"k":6,"ix":5},"lc":2,"lj":1,"ml":4,"bm":0,"nm":"Stroke 1","mn":"ADBE Vector Graphic - Stroke","hd":false},{"ty":"fl","c":{"a":0,"k":[1,1,1,1],"ix":4},"o":{"a":0,"k":100,"ix":5},"r":1,"bm":0,"nm":"Fill 1","mn":"ADBE Vector Graphic - Fill","hd":false},{"ty":"tr","p":{"a":0,"k":[0,0],"ix":2},"a":{"a":0,"k":[0,0],"ix":1},"s":{"a":0,"k":[100,100],"ix":3},"r":{"a":0,"k":0,"ix":6},"o":{"a":0,"k":100,"ix":7},"sk":{"a":0,"k":0,"ix":4},"sa":{"a":0,"k":0,"ix":5},"nm":"Transform"}],"nm":"Shape 1","np":3,"cix":2,"bm":0,"ix":1,"mn":"ADBE Vector Group","hd":false}],"ip":61.0000024845809,"op":66.0000026882351,"st":41.0000016699642,"bm":0},{"ddd":0,"ind":3,"ty":4,"nm":"prompt 5","sr":1,"ks":{"o":{"a":0,"k":100,"ix":11},"r":{"a":0,"k":0,"ix":10},"p":{"a":0,"k":[286,200,0],"ix":2},"a":{"a":0,"k":[0,0,0],"ix":1},"s":{"a":0,"k":[100,100,100],"ix":6}},"ao":0,"shapes":[{"ty":"gr","it":[{"ind":0,"ty":"sh","ix":1,"ks":{"a":0,"k":{"i":[[0,0],[0,0]],"o":[[0,0],[0,0]],"v":[[-44,-34],[-44,27]],"c":false},"ix":2},"nm":"Path 1","mn":"ADBE Vector Shape - Group","hd":false},{"ty":"st","c":{"a":0,"k":[0,0,0,1],"ix":3},"o":{"a":0,"k":100,"ix":4},"w":{"a":0,"k":6,"ix":5},"lc":1,"lj":1,"ml":4,"bm":0,"nm":"Stroke 1","mn":"ADBE Vector Graphic - Stroke","hd":false},{"ty":"fl","c":{"a":0,"k":[1,1,1,1],"ix":4},"o":{"a":0,"k":100,"ix":5},"r":1,"bm":0,"nm":"Fill 1","mn":"ADBE Vector Graphic - Fill","hd":false},{"ty":"tr","p":{"a":0,"k":[0,0],"ix":2},"a":{"a":0,"k":[0,0],"ix":1},"s":{"a":0,"k":[100,100],"ix":3},"r":{"a":0,"k":0,"ix":6},"o":{"a":0,"k":100,"ix":7},"sk":{"a":0,"k":0,"ix":4},"sa":{"a":0,"k":0,"ix":5},"nm":"Transform"}],"nm":"Shape 1","np":3,"cix":2,"bm":0,"ix":1,"mn":"ADBE Vector Group","hd":false}],"ip":53.0000021587343,"op":58.0000023623884,"st":33.0000013441176,"bm":0},{"ddd":0,"ind":4,"ty":4,"nm":"prompt 4","sr":1,"ks":{"o":{"a":0,"k":100,"ix":11},"r":{"a":0,"k":0,"ix":10},"p":{"a":0,"k":[286,200,0],"ix":2},"a":{"a":0,"k":[0,0,0],"ix":1},"s":{"a":0,"k":[100,100,100],"ix":6}},"ao":0,"shapes":[{"ty":"gr","it":[{"ind":0,"ty":"sh","ix":1,"ks":{"a":0,"k":{"i":[[0,0],[0,0]],"o":[[0,0],[0,0]],"v":[[-44,-34],[-44,27]],"c":false},"ix":2},"nm":"Path 1","mn":"ADBE Vector Shape - Group","hd":false},{"ty":"st","c":{"a":0,"k":[0,0,0,1],"ix":3},"o":{"a":0,"k":100,"ix":4},"w":{"a":0,"k":6,"ix":5},"lc":1,"lj":1,"ml":4,"bm":0,"nm":"Stroke 1","mn":"ADBE Vector Graphic - Stroke","hd":false},{"ty":"fl","c":{"a":0,"k":[1,1,1,1],"ix":4},"o":{"a":0,"k":100,"ix":5},"r":1,"bm":0,"nm":"Fill 1","mn":"ADBE Vector Graphic - Fill","hd":false},{"ty":"tr","p":{"a":0,"k":[0,0],"ix":2},"a":{"a":0,"k":[0,0],"ix":1},"s":{"a":0,"k":[100,100],"ix":3},"r":{"a":0,"k":0,"ix":6},"o":{"a":0,"k":100,"ix":7},"sk":{"a":0,"k":0,"ix":4},"sa":{"a":0,"k":0,"ix":5},"nm":"Transform"}],"nm":"Shape 1","np":3,"cix":2,"bm":0,"ix":1,"mn":"ADBE Vector Group","hd":false}],"ip":45.0000018328876,"op":50.0000020365418,"st":25.0000010182709,"bm":0},{"ddd":0,"ind":5,"ty":4,"nm":"prompt 3","sr":1,"ks":{"o":{"a":0,"k":100,"ix":11},"r":{"a":0,"k":0,"ix":10},"p":{"a":0,"k":[200,200,0],"ix":2},"a":{"a":0,"k":[0,0,0],"ix":1},"s":{"a":0,"k":[100,100,100],"ix":6}},"ao":0,"shapes":[{"ty":"gr","it":[{"ind":0,"ty":"sh","ix":1,"ks":{"a":0,"k":{"i":[[0,0],[0,0]],"o":[[0,0],[0,0]],"v":[[-44,-34],[-44,27]],"c":false},"ix":2},"nm":"Path 1","mn":"ADBE Vector Shape - Group","hd":false},{"ty":"st","c":{"a":0,"k":[0,0,0,1],"ix":3},"o":{"a":0,"k":100,"ix":4},"w":{"a":0,"k":6,"ix":5},"lc":2,"lj":1,"ml":4,"bm":0,"nm":"Stroke 1","mn":"ADBE Vector Graphic - Stroke","hd":false},{"ty":"fl","c":{"a":0,"k":[1,1,1,1],"ix":4},"o":{"a":0,"k":100,"ix":5},"r":1,"bm":0,"nm":"Fill 1","mn":"ADBE Vector Graphic - Fill","hd":false},{"ty":"tr","p":{"a":0,"k":[0,0],"ix":2},"a":{"a":0,"k":[0,0],"ix":1},"s":{"a":0,"k":[100,100],"ix":3},"r":{"a":0,"k":0,"ix":6},"o":{"a":0,"k":100,"ix":7},"sk":{"a":0,"k":0,"ix":4},"sa":{"a":0,"k":0,"ix":5},"nm":"Transform"}],"nm":"Shape 1","np":3,"cix":2,"bm":0,"ix":1,"mn":"ADBE Vector Group","hd":false}],"ip":36.0000014663101,"op":41.0000016699642,"st":16.0000006516934,"bm":0},{"ddd":0,"ind":6,"ty":4,"nm":"prompt 2","sr":1,"ks":{"o":{"a":0,"k":100,"ix":11},"r":{"a":0,"k":0,"ix":10},"p":{"a":0,"k":[200,200,0],"ix":2},"a":{"a":0,"k":[0,0,0],"ix":1},"s":{"a":0,"k":[100,100,100],"ix":6}},"ao":0,"shapes":[{"ty":"gr","it":[{"ind":0,"ty":"sh","ix":1,"ks":{"a":0,"k":{"i":[[0,0],[0,0]],"o":[[0,0],[0,0]],"v":[[-44,-34],[-44,27]],"c":false},"ix":2},"nm":"Path 1","mn":"ADBE Vector Shape - Group","hd":false},{"ty":"st","c":{"a":0,"k":[0,0,0,1],"ix":3},"o":{"a":0,"k":100,"ix":4},"w":{"a":0,"k":6,"ix":5},"lc":1,"lj":1,"ml":4,"bm":0,"nm":"Stroke 1","mn":"ADBE Vector Graphic - Stroke","hd":false},{"ty":"fl","c":{"a":0,"k":[1,1,1,1],"ix":4},"o":{"a":0,"k":100,"ix":5},"r":1,"bm":0,"nm":"Fill 1","mn":"ADBE Vector Graphic - Fill","hd":false},{"ty":"tr","p":{"a":0,"k":[0,0],"ix":2},"a":{"a":0,"k":[0,0],"ix":1},"s":{"a":0,"k":[100,100],"ix":3},"r":{"a":0,"k":0,"ix":6},"o":{"a":0,"k":100,"ix":7},"sk":{"a":0,"k":0,"ix":4},"sa":{"a":0,"k":0,"ix":5},"nm":"Transform"}],"nm":"Shape 1","np":3,"cix":2,"bm":0,"ix":1,"mn":"ADBE Vector Group","hd":false}],"ip":28.0000011404634,"op":33.0000013441176,"st":8.00000032584668,"bm":0},{"ddd":0,"ind":7,"ty":4,"nm":"prompt","sr":1,"ks":{"o":{"a":0,"k":100,"ix":11},"r":{"a":0,"k":0,"ix":10},"p":{"a":0,"k":[200,200,0],"ix":2},"a":{"a":0,"k":[0,0,0],"ix":1},"s":{"a":0,"k":[100,100,100],"ix":6}},"ao":0,"shapes":[{"ty":"gr","it":[{"ind":0,"ty":"sh","ix":1,"ks":{"a":0,"k":{"i":[[0,0],[0,0]],"o":[[0,0],[0,0]],"v":[[-44,-34],[-44,27]],"c":false},"ix":2},"nm":"Path 1","mn":"ADBE Vector Shape - Group","hd":false},{"ty":"st","c":{"a":0,"k":[0,0,0,1],"ix":3},"o":{"a":0,"k":100,"ix":4},"w":{"a":0,"k":6,"ix":5},"lc":1,"lj":1,"ml":4,"bm":0,"nm":"Stroke 1","mn":"ADBE Vector Graphic - Stroke","hd":false},{"ty":"fl","c":{"a":0,"k":[1,1,1,1],"ix":4},"o":{"a":0,"k":100,"ix":5},"r":1,"bm":0,"nm":"Fill 1","mn":"ADBE Vector Graphic - Fill","hd":false},{"ty":"tr","p":{"a":0,"k":[0,0],"ix":2},"a":{"a":0,"k":[0,0],"ix":1},"s":{"a":0,"k":[100,100],"ix":3},"r":{"a":0,"k":0,"ix":6},"o":{"a":0,"k":100,"ix":7},"sk":{"a":0,"k":0,"ix":4},"sa":{"a":0,"k":0,"ix":5},"nm":"Transform"}],"nm":"Shape 1","np":3,"cix":2,"bm":0,"ix":1,"mn":"ADBE Vector Group","hd":false}],"ip":20.0000008146167,"op":25.0000010182709,"st":0,"bm":0},{"ddd":0,"ind":8,"ty":4,"nm":"mouse","sr":1,"ks":{"o":{"a":0,"k":100,"ix":11},"r":{"a":0,"k":0,"ix":10},"p":{"a":1,"k":[{"i":{"x":0.833,"y":0.833},"o":{"x":0.333,"y":0},"t":0,"s":[320.5,319.5,0],"to":[-14.167,-9.583,0],"ti":[-3,9.333,0]},{"i":{"x":0.833,"y":0.833},"o":{"x":0.167,"y":0.167},"t":10,"s":[235.5,262,0],"to":[3,-9.333,0],"ti":[0,0,0]},{"i":{"x":0.833,"y":0.833},"o":{"x":0.167,"y":0.167},"t":26,"s":[338.5,263.5,0],"to":[0,0,0],"ti":[0,0,0]},{"i":{"x":0.833,"y":1},"o":{"x":0.167,"y":0.167},"t":50,"s":[338.5,263.5,0],"to":[0,0,0],"ti":[3,-9.333,0]},{"t":65.0000026475043,"s":[320.5,319.5,0]}],"ix":2},"a":{"a":0,"k":[-43,19,0],"ix":1},"s":{"a":0,"k":[100,100,100],"ix":6}},"ao":0,"shapes":[{"ty":"gr","it":[{"ind":0,"ty":"sh","ix":1,"ks":{"a":0,"k":{"i":[[1.329,-0.871],[-1.795,-5.205],[-1.941,-0.718],[-1.81,-1.856],[1.198,3.004],[-0.689,1.74],[1.118,0.29]],"o":[[-1.329,0.871],[0.574,1.663],[1.975,0.731],[2.258,2.316],[-0.705,-1.767],[0.823,-2.077],[-4.501,-5.573]],"v":[[-9.665,-26.034],[-6.756,13.023],[3.162,4.627],[14.27,24.088],[22.448,18.868],[12.171,0.215],[25.023,-3.954]],"c":true},"ix":2},"nm":"Path 1","mn":"ADBE Vector Shape - Group","hd":false},{"ty":"st","c":{"a":0,"k":[0,0,0,1],"ix":3},"o":{"a":0,"k":100,"ix":4},"w":{"a":0,"k":4,"ix":5},"lc":1,"lj":1,"ml":4,"bm":0,"nm":"Stroke 1","mn":"ADBE Vector Graphic - Stroke","hd":false},{"ty":"fl","c":{"a":0,"k":[0.992156862745,0.956862745098,0.807843137255,1],"ix":4},"o":{"a":0,"k":100,"ix":5},"r":1,"bm":0,"nm":"Fill 1","mn":"ADBE Vector Graphic - Fill","hd":false},{"ty":"tr","p":{"a":0,"k":[-61.352,15.332],"ix":2},"a":{"a":0,"k":[0,0],"ix":1},"s":{"a":0,"k":[204.661,204.661],"ix":3},"r":{"a":0,"k":0,"ix":6},"o":{"a":0,"k":100,"ix":7},"sk":{"a":0,"k":0,"ix":4},"sa":{"a":0,"k":0,"ix":5},"nm":"Transform"}],"nm":"Shape 1","np":3,"cix":2,"bm":0,"ix":1,"mn":"ADBE Vector Group","hd":false}],"ip":0,"op":71.0000028918893,"st":0,"bm":0},{"ddd":0,"ind":9,"ty":0,"nm":"ExploLines","refId":"comp_0","sr":1,"ks":{"o":{"a":0,"k":100,"ix":11},"r":{"a":0,"k":45,"ix":10},"p":{"a":0,"k":[205.5,198,0],"ix":2},"a":{"a":0,"k":[200,200,0],"ix":1},"s":{"a":0,"k":[100,100,100],"ix":6}},"ao":0,"w":400,"h":400,"ip":9.00000036657752,"op":31.0000012626559,"st":9.00000036657752,"bm":0},{"ddd":0,"ind":10,"ty":4,"nm":"object 4","sr":1,"ks":{"o":{"a":1,"k":[{"i":{"x":[0.833],"y":[0.833]},"o":{"x":[0.167],"y":[0.167]},"t":-6,"s":[0]},{"t":0,"s":[100]}],"ix":11},"r":{"a":0,"k":0,"ix":10},"p":{"a":0,"k":[203.5,204.5,0],"ix":2},"a":{"a":0,"k":[48,-78,0],"ix":1},"s":{"a":1,"k":[{"i":{"x":[0.833,0.833,0.833],"y":[0.833,0.833,0.833]},"o":{"x":[0.167,0.167,0.167],"y":[0.167,0.167,0.167]},"t":9,"s":[155.905,155.905,100]},{"i":{"x":[0.833,0.833,0.833],"y":[0.833,0.833,0.833]},"o":{"x":[0.167,0.167,0.167],"y":[0.167,0.167,0.167]},"t":11,"s":[134.905,134.905,100]},{"t":13.0000005295009,"s":[155.905,155.905,100]}],"ix":6}},"ao":0,"ef":[{"ty":34,"nm":"Puppet","np":6,"mn":"ADBE FreePin3","ix":1,"en":1,"ef":[{"ty":7,"nm":"Puppet Engine","mn":"ADBE FreePin3 Puppet Engine","ix":1,"v":{"a":0,"k":2,"ix":1}},{"ty":0,"nm":"Mesh Rotation Refinement","mn":"ADBE FreePin3 Auto Rotate Pins","ix":2,"v":{"a":0,"k":20,"ix":2}},{"ty":7,"nm":"On Transparent","mn":"ADBE FreePin3 On Transparent","ix":3,"v":{"a":0,"k":0,"ix":3}},{"ty":29.9700012207031,"nm":"arap","np":3,"mn":"ADBE FreePin3 ARAP Group","ix":4,"en":1,"ef":[{"ty":6,"nm":"Auto-traced Shapes","mn":"ADBE FreePin3 Outlines","ix":1,"v":0},{"ty":1,"nm":"Mesh","np":2,"mn":"ADBE FreePin3 Mesh Group","ix":2,"en":1,"ef":[{"nm":"Mesh 1","np":8,"mn":"ADBE FreePin3 Mesh Atom","ix":1,"en":1,"ef":[{"ty":6,"nm":"Mesh","mn":"ADBE FreePin3 Mesh","ix":1,"v":0},{"ty":0,"nm":"Triangles","mn":"ADBE FreePin3 Mesh Tri Count","ix":2,"v":{"a":0,"k":50,"ix":2}},{"ty":0,"nm":"Density","mn":"ADBE FreePin3 Mesh Tri Density","ix":3,"v":{"a":0,"k":10,"ix":3}},{"ty":0,"nm":"Expansion","mn":"ADBE FreePin3 Mesh Expansion","ix":4,"v":{"a":0,"k":3,"ix":4}},{"nm":"Deform","np":2,"mn":"ADBE FreePin3 PosPins","ix":5,"en":1,"ef":[{"nm":"Puppet Pin 1","np":7,"mn":"ADBE FreePin3 PosPin Atom","ix":1,"en":1,"ef":[{"ty":3,"nm":"Vertex Offset","mn":"ADBE FreePin3 PosPin Vtx Offset","ix":1,"v":{"a":0,"k":[0,0],"ix":1}},{"ty":0,"nm":"Vertex Index","mn":"ADBE FreePin3 PosPin Vtx Index","ix":2,"v":{"a":0,"k":16,"ix":2}},{"ty":7,"nm":"Pin Type","mn":"ADBE FreePin3 PosPin Type","ix":3,"v":{"a":0,"k":1,"ix":3}},{"ty":3,"nm":"Position","mn":"ADBE FreePin3 PosPin Position","ix":4,"v":{"a":0,"k":[245,118],"ix":4}},{"ty":0,"nm":"Scale","mn":"ADBE FreePin3 PosPin Scale","ix":5,"v":{"a":0,"k":100,"ix":5}},{"ty":0,"nm":"Rotation","mn":"ADBE FreePin3 PosPin Rotation","ix":6,"v":{"a":0,"k":0,"ix":6}}]}]},{"nm":"Overlap","np":1,"mn":"ADBE FreePin3 HghtPins","ix":6,"en":1,"ef":[]},{"nm":"Stiffness","np":1,"mn":"ADBE FreePin3 StarchPins","ix":7,"en":1,"ef":[]}]}]}]}]}],"shapes":[{"ty":"gr","it":[{"ind":0,"ty":"sh","ix":1,"ks":{"a":0,"k":{"i":[[44.931,0.06],[-0.649,-46.412],[-51.022,-0.095],[1.785,44.819]],"o":[[-50.727,-0.068],[0.605,43.216],[49.155,0.092],[-1.785,-44.821]],"v":[[26,-136],[-23.826,-89.651],[25.541,-45.587],[72.716,-92]],"c":true},"ix":2},"nm":"Path 1","mn":"ADBE Vector Shape - Group","hd":false},{"ty":"st","c":{"a":0,"k":[0,0,0,1],"ix":3},"o":{"a":0,"k":100,"ix":4},"w":{"a":0,"k":6,"ix":5},"lc":1,"lj":1,"ml":4,"bm":0,"nm":"Stroke 1","mn":"ADBE Vector Graphic - Stroke","hd":false},{"ty":"fl","c":{"a":0,"k":[0.082352943718,0.313725501299,0.57647061348,1],"ix":4},"o":{"a":0,"k":100,"ix":5},"r":1,"bm":0,"nm":"Fill 1","mn":"ADBE Vector Graphic - Fill","hd":false},{"ty":"tr","p":{"a":0,"k":[23.837,-4.782],"ix":2},"a":{"a":0,"k":[0,0],"ix":1},"s":{"a":0,"k":[85.158,85.158],"ix":3},"r":{"a":0,"k":0,"ix":6},"o":{"a":0,"k":100,"ix":7},"sk":{"a":0,"k":0,"ix":4},"sa":{"a":0,"k":0,"ix":5},"nm":"Transform"}],"nm":"Shape 1","np":3,"cix":2,"bm":0,"ix":1,"mn":"ADBE Vector Group","hd":false}],"ip":9.00000036657752,"op":14.0000005702317,"st":-6.00000024438501,"bm":0},{"ddd":0,"ind":11,"ty":4,"nm":"object 8","sr":1,"ks":{"o":{"a":1,"k":[{"i":{"x":[0.833],"y":[0.833]},"o":{"x":[0.167],"y":[0.167]},"t":0,"s":[0]},{"t":6.00000024438501,"s":[100]}],"ix":11},"r":{"a":0,"k":0,"ix":10},"p":{"a":0,"k":[204.5,204.5,0],"ix":2},"a":{"a":0,"k":[48,-78,0],"ix":1},"s":{"a":0,"k":[155.905,155.905,100],"ix":6}},"ao":0,"ef":[{"ty":34,"nm":"Puppet","np":6,"mn":"ADBE FreePin3","ix":1,"en":1,"ef":[{"ty":7,"nm":"Puppet Engine","mn":"ADBE FreePin3 Puppet Engine","ix":1,"v":{"a":0,"k":2,"ix":1}},{"ty":0,"nm":"Mesh Rotation Refinement","mn":"ADBE FreePin3 Auto Rotate Pins","ix":2,"v":{"a":0,"k":20,"ix":2}},{"ty":7,"nm":"On Transparent","mn":"ADBE FreePin3 On Transparent","ix":3,"v":{"a":0,"k":0,"ix":3}},{"ty":29.9700012207031,"nm":"arap","np":3,"mn":"ADBE FreePin3 ARAP Group","ix":4,"en":1,"ef":[{"ty":6,"nm":"Auto-traced Shapes","mn":"ADBE FreePin3 Outlines","ix":1,"v":0},{"ty":1,"nm":"Mesh","np":2,"mn":"ADBE FreePin3 Mesh Group","ix":2,"en":1,"ef":[{"nm":"Mesh 1","np":8,"mn":"ADBE FreePin3 Mesh Atom","ix":1,"en":1,"ef":[{"ty":6,"nm":"Mesh","mn":"ADBE FreePin3 Mesh","ix":1,"v":0},{"ty":0,"nm":"Triangles","mn":"ADBE FreePin3 Mesh Tri Count","ix":2,"v":{"a":0,"k":50,"ix":2}},{"ty":0,"nm":"Density","mn":"ADBE FreePin3 Mesh Tri Density","ix":3,"v":{"a":0,"k":10,"ix":3}},{"ty":0,"nm":"Expansion","mn":"ADBE FreePin3 Mesh Expansion","ix":4,"v":{"a":0,"k":3,"ix":4}},{"nm":"Deform","np":2,"mn":"ADBE FreePin3 PosPins","ix":5,"en":1,"ef":[{"nm":"Puppet Pin 1","np":7,"mn":"ADBE FreePin3 PosPin Atom","ix":1,"en":1,"ef":[{"ty":3,"nm":"Vertex Offset","mn":"ADBE FreePin3 PosPin Vtx Offset","ix":1,"v":{"a":0,"k":[0,0],"ix":1}},{"ty":0,"nm":"Vertex Index","mn":"ADBE FreePin3 PosPin Vtx Index","ix":2,"v":{"a":0,"k":16,"ix":2}},{"ty":7,"nm":"Pin Type","mn":"ADBE FreePin3 PosPin Type","ix":3,"v":{"a":0,"k":1,"ix":3}},{"ty":3,"nm":"Position","mn":"ADBE FreePin3 PosPin Position","ix":4,"v":{"a":0,"k":[245,118],"ix":4}},{"ty":0,"nm":"Scale","mn":"ADBE FreePin3 PosPin Scale","ix":5,"v":{"a":0,"k":100,"ix":5}},{"ty":0,"nm":"Rotation","mn":"ADBE FreePin3 PosPin Rotation","ix":6,"v":{"a":0,"k":0,"ix":6}}]}]},{"nm":"Overlap","np":1,"mn":"ADBE FreePin3 HghtPins","ix":6,"en":1,"ef":[]},{"nm":"Stiffness","np":1,"mn":"ADBE FreePin3 StarchPins","ix":7,"en":1,"ef":[]}]}]}]}]}],"shapes":[{"ty":"gr","it":[{"ind":0,"ty":"sh","ix":1,"ks":{"a":0,"k":{"i":[[43.008,-0.049],[-0.975,-47.033],[-47.717,0.707],[1.51,44.166]],"o":[[-51.172,0.059],[0.914,44.096],[48.711,-0.722],[-1.476,-43.188]],"v":[[26,-136],[-23.826,-89.651],[25.541,-45.587],[72.716,-92]],"c":true},"ix":2},"nm":"Path 1","mn":"ADBE Vector Shape - Group","hd":false},{"ty":"st","c":{"a":0,"k":[0,0,0,1],"ix":3},"o":{"a":0,"k":100,"ix":4},"w":{"a":0,"k":6,"ix":5},"lc":1,"lj":1,"ml":4,"bm":0,"nm":"Stroke 1","mn":"ADBE Vector Graphic - Stroke","hd":false},{"ty":"fl","c":{"a":0,"k":[1,1,1,1],"ix":4},"o":{"a":0,"k":100,"ix":5},"r":1,"bm":0,"nm":"Fill 1","mn":"ADBE Vector Graphic - Fill","hd":false},{"ty":"tr","p":{"a":0,"k":[23.574,-5.531],"ix":2},"a":{"a":0,"k":[0,0],"ix":1},"s":{"a":0,"k":[85.158,85.158],"ix":3},"r":{"a":0,"k":0,"ix":6},"o":{"a":0,"k":100,"ix":7},"sk":{"a":0,"k":0,"ix":4},"sa":{"a":0,"k":0,"ix":5},"nm":"Transform"}],"nm":"Shape 1","np":3,"cix":2,"bm":0,"ix":1,"mn":"ADBE Vector Group","hd":false}],"ip":12.00000048877,"op":71.0000028918893,"st":0,"bm":0},{"ddd":0,"ind":12,"ty":4,"nm":"object","sr":1,"ks":{"o":{"a":1,"k":[{"i":{"x":[0.833],"y":[0.833]},"o":{"x":[0.167],"y":[0.167]},"t":0,"s":[0]},{"t":6.00000024438501,"s":[100]}],"ix":11},"r":{"a":0,"k":0,"ix":10},"p":{"a":0,"k":[204.5,204.5,0],"ix":2},"a":{"a":0,"k":[48,-78,0],"ix":1},"s":{"a":0,"k":[155.905,155.905,100],"ix":6}},"ao":0,"ef":[{"ty":34,"nm":"Puppet","np":6,"mn":"ADBE FreePin3","ix":1,"en":1,"ef":[{"ty":7,"nm":"Puppet Engine","mn":"ADBE FreePin3 Puppet Engine","ix":1,"v":{"a":0,"k":2,"ix":1}},{"ty":0,"nm":"Mesh Rotation Refinement","mn":"ADBE FreePin3 Auto Rotate Pins","ix":2,"v":{"a":0,"k":20,"ix":2}},{"ty":7,"nm":"On Transparent","mn":"ADBE FreePin3 On Transparent","ix":3,"v":{"a":0,"k":0,"ix":3}},{"ty":29.9700012207031,"nm":"arap","np":3,"mn":"ADBE FreePin3 ARAP Group","ix":4,"en":1,"ef":[{"ty":6,"nm":"Auto-traced Shapes","mn":"ADBE FreePin3 Outlines","ix":1,"v":0},{"ty":1,"nm":"Mesh","np":2,"mn":"ADBE FreePin3 Mesh Group","ix":2,"en":1,"ef":[{"nm":"Mesh 1","np":8,"mn":"ADBE FreePin3 Mesh Atom","ix":1,"en":1,"ef":[{"ty":6,"nm":"Mesh","mn":"ADBE FreePin3 Mesh","ix":1,"v":0},{"ty":0,"nm":"Triangles","mn":"ADBE FreePin3 Mesh Tri Count","ix":2,"v":{"a":0,"k":50,"ix":2}},{"ty":0,"nm":"Density","mn":"ADBE FreePin3 Mesh Tri Density","ix":3,"v":{"a":0,"k":10,"ix":3}},{"ty":0,"nm":"Expansion","mn":"ADBE FreePin3 Mesh Expansion","ix":4,"v":{"a":0,"k":3,"ix":4}},{"nm":"Deform","np":2,"mn":"ADBE FreePin3 PosPins","ix":5,"en":1,"ef":[{"nm":"Puppet Pin 1","np":7,"mn":"ADBE FreePin3 PosPin Atom","ix":1,"en":1,"ef":[{"ty":3,"nm":"Vertex Offset","mn":"ADBE FreePin3 PosPin Vtx Offset","ix":1,"v":{"a":0,"k":[0,0],"ix":1}},{"ty":0,"nm":"Vertex Index","mn":"ADBE FreePin3 PosPin Vtx Index","ix":2,"v":{"a":0,"k":16,"ix":2}},{"ty":7,"nm":"Pin Type","mn":"ADBE FreePin3 PosPin Type","ix":3,"v":{"a":0,"k":1,"ix":3}},{"ty":3,"nm":"Position","mn":"ADBE FreePin3 PosPin Position","ix":4,"v":{"a":0,"k":[245,118],"ix":4}},{"ty":0,"nm":"Scale","mn":"ADBE FreePin3 PosPin Scale","ix":5,"v":{"a":0,"k":100,"ix":5}},{"ty":0,"nm":"Rotation","mn":"ADBE FreePin3 PosPin Rotation","ix":6,"v":{"a":0,"k":0,"ix":6}}]}]},{"nm":"Overlap","np":1,"mn":"ADBE FreePin3 HghtPins","ix":6,"en":1,"ef":[]},{"nm":"Stiffness","np":1,"mn":"ADBE FreePin3 StarchPins","ix":7,"en":1,"ef":[]}]}]}]}]}],"shapes":[{"ty":"gr","it":[{"ind":0,"ty":"sh","ix":1,"ks":{"a":0,"k":{"i":[[43.008,-0.049],[-0.975,-47.033],[-47.717,0.707],[1.51,44.166]],"o":[[-51.172,0.059],[0.914,44.096],[48.711,-0.722],[-1.476,-43.188]],"v":[[26,-136],[-23.826,-89.651],[25.541,-45.587],[72.716,-92]],"c":true},"ix":2},"nm":"Path 1","mn":"ADBE Vector Shape - Group","hd":false},{"ty":"st","c":{"a":0,"k":[0,0,0,1],"ix":3},"o":{"a":0,"k":100,"ix":4},"w":{"a":0,"k":6,"ix":5},"lc":1,"lj":1,"ml":4,"bm":0,"nm":"Stroke 1","mn":"ADBE Vector Graphic - Stroke","hd":false},{"ty":"fl","c":{"a":0,"k":[0.992156862745,0.956862745098,0.807843137255,1],"ix":4},"o":{"a":0,"k":100,"ix":5},"r":1,"bm":0,"nm":"Fill 1","mn":"ADBE Vector Graphic - Fill","hd":false},{"ty":"tr","p":{"a":0,"k":[23.574,-5.531],"ix":2},"a":{"a":0,"k":[0,0],"ix":1},"s":{"a":0,"k":[85.158,85.158],"ix":3},"r":{"a":0,"k":0,"ix":6},"o":{"a":0,"k":100,"ix":7},"sk":{"a":0,"k":0,"ix":4},"sa":{"a":0,"k":0,"ix":5},"nm":"Transform"}],"nm":"Shape 1","np":3,"cix":2,"bm":0,"ix":1,"mn":"ADBE Vector Group","hd":false}],"ip":0,"op":9.00000036657752,"st":0,"bm":0}],"markers":[]}