{"v":"5.5.7","meta":{"g":"LottieFiles AE 0.1.20","a":"","k":"","d":"","tc":""},"fr":29.9700012207031,"ip":0,"op":60.0000024438501,"w":400,"h":400,"nm":"Interaccion-keydown","ddd":0,"assets":[{"id":"comp_0","layers":[{"ddd":0,"ind":1,"ty":0,"nm":"expline","refId":"comp_1","sr":1,"ks":{"o":{"a":0,"k":100,"ix":11},"r":{"a":0,"k":315,"ix":10},"p":{"a":0,"k":[200,205,0],"ix":2},"a":{"a":0,"k":[50,142,0],"ix":1},"s":{"a":0,"k":[100,100,100],"ix":6}},"ao":0,"w":100,"h":140,"ip":1.00000004073083,"op":13.0000005295009,"st":1.00000004073083,"bm":0},{"ddd":0,"ind":2,"ty":0,"nm":"expline","refId":"comp_1","sr":1,"ks":{"o":{"a":0,"k":100,"ix":11},"r":{"a":0,"k":270,"ix":10},"p":{"a":0,"k":[200,205,0],"ix":2},"a":{"a":0,"k":[50,142,0],"ix":1},"s":{"a":0,"k":[100,100,100],"ix":6}},"ao":0,"w":100,"h":140,"ip":0,"op":12.00000048877,"st":0,"bm":0},{"ddd":0,"ind":3,"ty":0,"nm":"expline","refId":"comp_1","sr":1,"ks":{"o":{"a":0,"k":100,"ix":11},"r":{"a":0,"k":225,"ix":10},"p":{"a":0,"k":[200,205,0],"ix":2},"a":{"a":0,"k":[50,142,0],"ix":1},"s":{"a":0,"k":[100,100,100],"ix":6}},"ao":0,"w":100,"h":140,"ip":1.00000004073083,"op":13.0000005295009,"st":1.00000004073083,"bm":0},{"ddd":0,"ind":4,"ty":0,"nm":"expline","refId":"comp_1","sr":1,"ks":{"o":{"a":0,"k":100,"ix":11},"r":{"a":0,"k":180,"ix":10},"p":{"a":0,"k":[200,205,0],"ix":2},"a":{"a":0,"k":[50,142,0],"ix":1},"s":{"a":0,"k":[100,100,100],"ix":6}},"ao":0,"w":100,"h":140,"ip":2.00000008146167,"op":14.0000005702317,"st":2.00000008146167,"bm":0},{"ddd":0,"ind":5,"ty":0,"nm":"expline","refId":"comp_1","sr":1,"ks":{"o":{"a":0,"k":100,"ix":11},"r":{"a":0,"k":135,"ix":10},"p":{"a":0,"k":[200,205,0],"ix":2},"a":{"a":0,"k":[50,142,0],"ix":1},"s":{"a":0,"k":[100,100,100],"ix":6}},"ao":0,"w":100,"h":140,"ip":2.00000008146167,"op":14.0000005702317,"st":2.00000008146167,"bm":0},{"ddd":0,"ind":6,"ty":0,"nm":"expline","refId":"comp_1","sr":1,"ks":{"o":{"a":0,"k":100,"ix":11},"r":{"a":0,"k":90,"ix":10},"p":{"a":0,"k":[200,205,0],"ix":2},"a":{"a":0,"k":[50,142,0],"ix":1},"s":{"a":0,"k":[100,100,100],"ix":6}},"ao":0,"w":100,"h":140,"ip":1.00000004073083,"op":13.0000005295009,"st":1.00000004073083,"bm":0},{"ddd":0,"ind":7,"ty":0,"nm":"expline","refId":"comp_1","sr":1,"ks":{"o":{"a":0,"k":100,"ix":11},"r":{"a":0,"k":45,"ix":10},"p":{"a":0,"k":[200,205,0],"ix":2},"a":{"a":0,"k":[50,142,0],"ix":1},"s":{"a":0,"k":[100,100,100],"ix":6}},"ao":0,"w":100,"h":140,"ip":0,"op":12.00000048877,"st":0,"bm":0},{"ddd":0,"ind":8,"ty":0,"nm":"expline","refId":"comp_1","sr":1,"ks":{"o":{"a":0,"k":100,"ix":11},"r":{"a":0,"k":0,"ix":10},"p":{"a":0,"k":[200,205,0],"ix":2},"a":{"a":0,"k":[50,142,0],"ix":1},"s":{"a":0,"k":[100,100,100],"ix":6}},"ao":0,"w":100,"h":140,"ip":0,"op":12.00000048877,"st":0,"bm":0}]},{"id":"comp_1","layers":[{"ddd":0,"ind":1,"ty":4,"nm":"expline","sr":1,"ks":{"o":{"a":0,"k":100,"ix":11},"r":{"a":0,"k":0,"ix":10},"p":{"a":1,"k":[{"i":{"x":0.833,"y":0.833},"o":{"x":0.167,"y":0.167},"t":0,"s":[50,140.5,0],"to":[0,-5.783,0],"ti":[0,13.243,0]},{"i":{"x":0.833,"y":0.833},"o":{"x":0.167,"y":0.167},"t":8,"s":[50,100,0],"to":[0,-6.032,0],"ti":[0,2.634,0]},{"t":11.0000004480392,"s":[50,20,0]}],"ix":2},"a":{"a":0,"k":[99.276,-172.185,0],"ix":1},"s":{"a":1,"k":[{"i":{"x":[0.833,0.833,0.833],"y":[0.833,0.833,0.833]},"o":{"x":[0.167,0.167,0.167],"y":[0.167,0.167,0.167]},"t":0,"s":[0,0,100]},{"i":{"x":[0.833,0.833,0.833],"y":[0.833,0.833,0.833]},"o":{"x":[0.167,0.167,0.167],"y":[0.167,0.167,0.167]},"t":8,"s":[100,120.378,100]},{"t":11.0000004480392,"s":[0,0,100]}],"ix":6}},"ao":0,"shapes":[{"ty":"gr","it":[{"ind":0,"ty":"sh","ix":1,"ks":{"a":1,"k":[{"i":{"x":0.833,"y":0.833},"o":{"x":0.167,"y":0.167},"t":4,"s":[{"i":[[0,0],[0,0]],"o":[[0,0],[0,0]],"v":[[98.637,-172.296],[98.499,-197.39]],"c":false}]},{"i":{"x":0.833,"y":0.833},"o":{"x":0.167,"y":0.167},"t":8,"s":[{"i":[[0,0],[0,0]],"o":[[0,0],[0,0]],"v":[[98.637,-172.296],[98.687,-174.141]],"c":false}]},{"t":10.0000004073083,"s":[{"i":[[0,0],[0,0]],"o":[[0,0],[0,0]],"v":[[98.637,-172.296],[99,-173.037]],"c":false}]}],"ix":2},"nm":"Path 1","mn":"ADBE Vector Shape - Group","hd":false},{"ty":"st","c":{"a":1,"k":[{"i":{"x":[0.833],"y":[0.833]},"o":{"x":[0.167],"y":[0.167]},"t":3,"s":[0.858823529412,0.243137254902,0.203921568627,1]},{"i":{"x":[0.833],"y":[0.833]},"o":{"x":[0.167],"y":[0.167]},"t":4,"s":[0.368627458811,0.698039233685,0.278431385756,1]},{"i":{"x":[0.833],"y":[0.833]},"o":{"x":[0.167],"y":[0.167]},"t":6,"s":[0.368627458811,0.698039233685,0.278431385756,1]},{"t":7.00000028511585,"s":[0.929411768913,0.584313750267,0.266666680574,1]}],"ix":3},"o":{"a":0,"k":100,"ix":4},"w":{"a":1,"k":[{"i":{"x":[0.833],"y":[0.833]},"o":{"x":[0.167],"y":[0.167]},"t":0,"s":[12]},{"i":{"x":[0.833],"y":[0.833]},"o":{"x":[0.167],"y":[0.167]},"t":4,"s":[20]},{"i":{"x":[0.833],"y":[0.833]},"o":{"x":[0.167],"y":[0.167]},"t":8,"s":[7.2]},{"i":{"x":[0.833],"y":[0.833]},"o":{"x":[0.167],"y":[0.167]},"t":9,"s":[4]},{"t":10.0000004073083,"s":[15]}],"ix":5},"lc":2,"lj":2,"bm":0,"nm":"Stroke 1","mn":"ADBE Vector Graphic - Stroke","hd":false},{"ty":"fl","c":{"a":0,"k":[0.992156862745,0.956862745098,0.807843137255,1],"ix":4},"o":{"a":0,"k":100,"ix":5},"r":1,"bm":0,"nm":"Fill 1","mn":"ADBE Vector Graphic - Fill","hd":false},{"ty":"tr","p":{"a":0,"k":[0,0],"ix":2},"a":{"a":0,"k":[0,0],"ix":1},"s":{"a":0,"k":[99.72,106.599],"ix":3},"r":{"a":0,"k":0,"ix":6},"o":{"a":0,"k":100,"ix":7},"sk":{"a":0,"k":0,"ix":4},"sa":{"a":0,"k":0,"ix":5},"nm":"Transform"}],"nm":"Shape 1","np":3,"cix":2,"bm":0,"ix":1,"mn":"ADBE Vector Group","hd":false}],"ip":0,"op":11.0000004480392,"st":-12.00000048877,"bm":0}]}],"layers":[{"ddd":0,"ind":1,"ty":0,"nm":"ExploLines","refId":"comp_0","sr":1,"ks":{"o":{"a":0,"k":100,"ix":11},"r":{"a":0,"k":45,"ix":10},"p":{"a":0,"k":[205.5,232,0],"ix":2},"a":{"a":0,"k":[200,200,0],"ix":1},"s":{"a":0,"k":[136.416,136.416,100],"ix":6}},"ao":0,"w":400,"h":400,"ip":17.0000006924242,"op":39.0000015885026,"st":17.0000006924242,"bm":0},{"ddd":0,"ind":2,"ty":4,"nm":"object 3","sr":1,"ks":{"o":{"a":0,"k":100,"ix":11},"r":{"a":0,"k":0,"ix":10},"p":{"a":0,"k":[219.5,149.5,0],"ix":2},"a":{"a":0,"k":[48,-78,0],"ix":1},"s":{"a":0,"k":[140.634,155.905,100],"ix":6}},"ao":0,"shapes":[{"ty":"gr","it":[{"ind":0,"ty":"sh","ix":1,"ks":{"a":1,"k":[{"i":{"x":0.833,"y":0.833},"o":{"x":0.167,"y":0.167},"t":15,"s":[{"i":[[18.928,-1.176],[-1.846,-17.755],[-47.717,0.707],[0.815,13.443],[16.533,1.528]],"o":[[-18.771,1.166],[0.945,9.09],[48.711,-0.722],[-1.138,-18.777],[-28.491,-2.633]],"v":[[-65.001,-81.792],[-77.194,-53.245],[24.035,-41.792],[126.304,-53.815],[109.987,-82.213]],"c":true}]},{"i":{"x":0.833,"y":0.833},"o":{"x":0.167,"y":0.167},"t":18,"s":[{"i":[[18.928,-1.176],[-1.846,-17.755],[-47.717,0.707],[0.815,13.443],[16.533,1.528]],"o":[[-18.771,1.166],[0.945,9.09],[48.711,-0.722],[-1.138,-18.777],[-28.491,-2.633]],"v":[[-65.272,-55.228],[-77.194,-53.245],[24.035,-41.792],[126.304,-53.815],[109.715,-55.648]],"c":true}]},{"t":22.0000008960784,"s":[{"i":[[18.928,-1.176],[-1.846,-17.755],[-47.717,0.707],[0.815,13.443],[16.533,1.528]],"o":[[-18.771,1.166],[0.945,9.09],[48.711,-0.722],[-1.138,-18.777],[-28.491,-2.633]],"v":[[-65.001,-81.792],[-77.194,-53.245],[24.035,-41.792],[126.304,-53.815],[109.987,-82.213]],"c":true}]}],"ix":2},"nm":"Path 1","mn":"ADBE Vector Shape - Group","hd":false},{"ty":"st","c":{"a":0,"k":[0,0,0,1],"ix":3},"o":{"a":0,"k":100,"ix":4},"w":{"a":0,"k":6,"ix":5},"lc":1,"lj":1,"ml":4,"bm":0,"nm":"Stroke 1","mn":"ADBE Vector Graphic - Stroke","hd":false},{"ty":"fl","c":{"a":0,"k":[0.778829656863,0.740437227137,0.578335870481,1],"ix":4},"o":{"a":0,"k":100,"ix":5},"r":1,"bm":0,"nm":"Fill 1","mn":"ADBE Vector Graphic - Fill","hd":false},{"ty":"tr","p":{"a":0,"k":[14.365,24.503],"ix":2},"a":{"a":0,"k":[0,0],"ix":1},"s":{"a":0,"k":[85.158,84.51],"ix":3},"r":{"a":0,"k":0,"ix":6},"o":{"a":0,"k":100,"ix":7},"sk":{"a":0,"k":0,"ix":4},"sa":{"a":0,"k":0,"ix":5},"nm":"Transform"}],"nm":"Shape 1","np":3,"cix":2,"bm":0,"ix":1,"mn":"ADBE Vector Group","hd":false}],"ip":0,"op":71.0000028918893,"st":0,"bm":0},{"ddd":0,"ind":3,"ty":4,"nm":"base","sr":1,"ks":{"o":{"a":0,"k":100,"ix":11},"r":{"a":0,"k":0,"ix":10},"p":{"a":0,"k":[219.5,165.5,0],"ix":2},"a":{"a":0,"k":[48,-78,0],"ix":1},"s":{"a":0,"k":[155.905,155.905,100],"ix":6}},"ao":0,"shapes":[{"ty":"gr","it":[{"ind":0,"ty":"sh","ix":1,"ks":{"a":0,"k":{"i":[[43.008,-0.049],[0.192,-23.126],[-47.717,0.707],[-0.031,13.468]],"o":[[-51.172,0.059],[-0.076,9.138],[48.711,-0.722],[0.062,-27.11]],"v":[[26.48,-65.807],[-77.194,-53.245],[24.035,-37.997],[126.304,-53.815]],"c":true},"ix":2},"nm":"Path 1","mn":"ADBE Vector Shape - Group","hd":false},{"ty":"st","c":{"a":0,"k":[0,0,0,1],"ix":3},"o":{"a":0,"k":100,"ix":4},"w":{"a":0,"k":6,"ix":5},"lc":1,"lj":1,"ml":4,"bm":0,"nm":"Stroke 1","mn":"ADBE Vector Graphic - Stroke","hd":false},{"ty":"fl","c":{"a":1,"k":[{"i":{"x":[0.833],"y":[0.833]},"o":{"x":[0.167],"y":[0.167]},"t":15,"s":[0.129411764706,0.352941176471,0.63137254902,1]},{"i":{"x":[0.833],"y":[0.833]},"o":{"x":[0.167],"y":[0.167]},"t":18,"s":[0.854901969433,0.290196090937,0.203921571374,1]},{"t":22.0000008960784,"s":[0.129411764706,0.352941176471,0.63137254902,1]}],"ix":4},"o":{"a":0,"k":100,"ix":5},"r":1,"bm":0,"nm":"Fill 1","mn":"ADBE Vector Graphic - Fill","hd":false},{"ty":"tr","p":{"a":0,"k":[15.757,24.064],"ix":2},"a":{"a":0,"k":[0,0],"ix":1},"s":{"a":0,"k":[85.158,84.51],"ix":3},"r":{"a":0,"k":0,"ix":6},"o":{"a":0,"k":100,"ix":7},"sk":{"a":0,"k":0,"ix":4},"sa":{"a":0,"k":0,"ix":5},"nm":"Transform"}],"nm":"Shape 1","np":3,"cix":2,"bm":0,"ix":1,"mn":"ADBE Vector Group","hd":false}],"ip":0,"op":71.0000028918893,"st":0,"bm":0},{"ddd":0,"ind":4,"ty":4,"nm":"object 2","sr":1,"ks":{"o":{"a":0,"k":100,"ix":11},"r":{"a":0,"k":0,"ix":10},"p":{"a":1,"k":[{"i":{"x":0.833,"y":0.833},"o":{"x":0.167,"y":0.167},"t":15,"s":[219.5,149.5,0],"to":[0,2.833,0],"ti":[0,0,0]},{"i":{"x":0.833,"y":0.833},"o":{"x":0.167,"y":0.167},"t":18,"s":[219.5,166.5,0],"to":[0,0,0],"ti":[0,2.833,0]},{"t":22.0000008960784,"s":[219.5,149.5,0]}],"ix":2},"a":{"a":0,"k":[48,-78,0],"ix":1},"s":{"a":0,"k":[140.634,155.905,100],"ix":6}},"ao":0,"shapes":[{"ty":"gr","it":[{"ind":0,"ty":"sh","ix":1,"ks":{"a":1,"k":[{"i":{"x":0.833,"y":0.833},"o":{"x":0.167,"y":0.167},"t":15,"s":[{"i":[[17.841,-2.401],[-5.637,-29.717],[-47.717,0.707],[-0.626,13.453],[13.991,1.294]],"o":[[-14.618,1.967],[1.703,8.979],[48.711,-0.722],[1.286,-27.629],[-16.032,-1.483]],"v":[[-53.912,-110.92],[-77.194,-53.245],[24.035,-41.792],[126.304,-53.815],[93.521,-111.079]],"c":true}]},{"i":{"x":0.833,"y":0.833},"o":{"x":0.167,"y":0.167},"t":18,"s":[{"i":[[18.928,-1.176],[-1.846,-17.755],[-47.717,0.707],[0.815,13.443],[16.533,1.528]],"o":[[-18.771,1.166],[0.945,9.09],[48.711,-0.722],[-1.138,-18.777],[-28.491,-2.633]],"v":[[-64.757,-81.792],[-77.194,-53.245],[24.035,-41.792],[126.304,-53.815],[110.231,-82.213]],"c":true}]},{"t":22.0000008960784,"s":[{"i":[[17.841,-2.401],[-5.637,-29.717],[-47.717,0.707],[-0.626,13.453],[13.991,1.294]],"o":[[-14.618,1.967],[1.703,8.979],[48.711,-0.722],[1.286,-27.629],[-16.032,-1.483]],"v":[[-53.912,-110.92],[-77.194,-53.245],[24.035,-41.792],[126.304,-53.815],[93.521,-111.079]],"c":true}]}],"ix":2},"nm":"Path 1","mn":"ADBE Vector Shape - Group","hd":false},{"ty":"st","c":{"a":0,"k":[0,0,0,1],"ix":3},"o":{"a":0,"k":100,"ix":4},"w":{"a":0,"k":6,"ix":5},"lc":1,"lj":1,"ml":4,"bm":0,"nm":"Stroke 1","mn":"ADBE Vector Graphic - Stroke","hd":false},{"ty":"fl","c":{"a":0,"k":[0.992156862745,0.956862745098,0.807843137255,1],"ix":4},"o":{"a":0,"k":100,"ix":5},"r":1,"bm":0,"nm":"Fill 1","mn":"ADBE Vector Graphic - Fill","hd":false},{"ty":"tr","p":{"a":0,"k":[14.365,24.503],"ix":2},"a":{"a":0,"k":[0,0],"ix":1},"s":{"a":0,"k":[85.158,84.51],"ix":3},"r":{"a":0,"k":0,"ix":6},"o":{"a":0,"k":100,"ix":7},"sk":{"a":0,"k":0,"ix":4},"sa":{"a":0,"k":0,"ix":5},"nm":"Transform"}],"nm":"Shape 1","np":3,"cix":2,"bm":0,"ix":1,"mn":"ADBE Vector Group","hd":false}],"ip":0,"op":71.0000028918893,"st":0,"bm":0}],"markers":[]}